province,province_psgc,local_government_unit,lgu_type,lgu_psgc,population_2024
Iloilo,0603000000,Passi City,component_city,0603035000,90313
Iloilo,0603000000,Ajuy,municipality,0603001000,54100
Iloilo,0603000000,Alimodian,municipality,0603002000,39814
Iloilo,0603000000,Anilao,municipality,0603003000,30612
Iloilo,0603000000,Badiangan,municipality,0603004000,27088
Iloilo,0603000000,Balasan,municipality,0603005000,35193
Iloilo,0603000000,Banate,municipality,0603006000,33790
Iloilo,0603000000,Barotac Nuevo,municipality,0603007000,59184
Iloilo,0603000000,Barotac Viejo,municipality,0603008000,49736
Iloilo,0603000000,Batad,municipality,0603009000,22174
Iloilo,0603000000,Bingawan,municipality,0603010000,16247
Iloilo,0603000000,Cabatuan,municipality,0603012000,62717
Iloilo,0603000000,Calinog,municipality,0603013000,63896
Iloilo,0603000000,Carles,municipality,0603014000,74177
Iloilo,0603000000,Concepcion,municipality,0603015000,45737
Iloilo,0603000000,Dingle,municipality,0603016000,46032
Iloilo,0603000000,Dueñas,municipality,0603017000,34941
Iloilo,0603000000,Dumangas,municipality,0603018000,75239
Iloilo,0603000000,Estancia,municipality,0603019000,54882
Iloilo,0603000000,Guimbal,municipality,0603020000,35129
Iloilo,0603000000,Igbaras,municipality,0603021000,32442
Iloilo,0603000000,Janiuay,municipality,0603023000,67509
Iloilo,0603000000,Lambunao,municipality,0603025000,80724
Iloilo,0603000000,Leganes,municipality,0603026000,36542
Iloilo,0603000000,Lemery,municipality,0603027000,32836
Iloilo,0603000000,Leon,municipality,0603028000,52777
Iloilo,0603000000,Maasin,municipality,0603029000,38761
Iloilo,0603000000,Miagao,municipality,0603030000,68163
Iloilo,0603000000,Mina,municipality,0603031000,24145
Iloilo,0603000000,New Lucena,municipality,0603032000,24785
Iloilo,0603000000,Oton,municipality,0603034000,99920
Iloilo,0603000000,Pavia,municipality,0603036000,74594
Iloilo,0603000000,Pototan,municipality,0603037000,78919
Iloilo,0603000000,San Dionisio,municipality,0603038000,39423
Iloilo,0603000000,San Enrique,municipality,0603039000,37381
Iloilo,0603000000,San Joaquin,municipality,0603040000,52773
Iloilo,0603000000,San Miguel,municipality,0603041000,31093
Iloilo,0603000000,San Rafael,municipality,0603042000,18293
Iloilo,0603000000,Santa Barbara,municipality,0603043000,68467
Iloilo,0603000000,Sara,municipality,0603044000,55476
Iloilo,0603000000,Tigbauan,municipality,0603045000,65657
Iloilo,0603000000,Tubungan,municipality,0603046000,23083
Iloilo,0603000000,Zarraga,municipality,0603047000,27852
